Date,Event,Impact,Currency
"2025, November 16, 18:50",(Japan) GDP Growth Rate QoQ,High,JPY
"2025, November 17, 03:15",(Euro Area) ECB Guindos Speech,High,EUR
"2025, November 17, 08:30",(Canada) CPI Trimmed-Mean YoY,High,CAD
"2025, November 17, 08:30",(Canada) Inflation Rate YoY,High,CAD
"2025, November 17, 08:30",(Canada) CPI Median YoY,High,CAD
"2025, November 17, 08:30",(United States) NY Empire State Manufacturing Index,High,USD
"2025, November 17, 19:30",(Australia) RBA Meeting Minutes,High,AUD
"2025, November 18, 08:15",(United States) ADP Employment Change Weekly,High,USD
"2025, November 18, 18:50",(Japan) Balance of Trade,High,JPY
"2025, November 19, 02:00",(United Kingdom) Inflation Rate YoY,High,GBP
"2025, November 19, 05:00",(Euro Area) CPI,High,EUR
"2025, November 19, 08:30",(United States) Building Permits,High,USD
"2025, November 19, 08:30",(United States) Housing Starts,High,USD
"2025, November 19, 08:30",(United States) Building Permits,High,USD
"2025, November 19, 08:30",(United States) Housing Starts,High,USD
"2025, November 19, 14:00",(United States) FOMC Minutes,High,USD
"2025, November 20, 08:30",(United States) Continuing Jobless Claims,High,USD
"2025, November 20, 08:30",(United States) Initial Jobless Claims,High,USD
"2025, November 20, 08:30",(United States) Jobless Claims 4-week Average,High,USD
"2025, November 20, 08:30",(United States) Continuing Jobless Claims,High,USD
"2025, November 20, 08:30",(United States) Initial Jobless Claims,High,USD
"2025, November 20, 08:30",(United States) Jobless Claims 4-week Average,High,USD
"2025, November 20, 08:30",(United States) Continuing Jobless Claims,High,USD
"2025, November 20, 08:30",(United States) Initial Jobless Claims,High,USD
"2025, November 20, 08:30",(United States) Jobless Claims 4-week Average,High,USD
"2025, November 20, 08:30",(United States) Continuing Jobless Claims,High,USD
"2025, November 20, 08:30",(United States) Initial Jobless Claims,High,USD
"2025, November 20, 08:30",(United States) Jobless Claims 4-week Average,High,USD
"2025, November 20, 08:30",(United States) Continuing Jobless Claims,High,USD
"2025, November 20, 08:30",(United States) Initial Jobless Claims,High,USD
"2025, November 20, 08:30",(United States) Jobless Claims 4-week Average,High,USD
"2025, November 20, 08:30",(United States) Continuing Jobless Claims,High,USD
"2025, November 20, 08:30",(United States) Initial Jobless Claims,High,USD
"2025, November 20, 08:30",(United States) Jobless Claims 4-week Average,High,USD
"2025, November 20, 08:30",(United States) Continuing Jobless Claims,High,USD
"2025, November 20, 08:30",(United States) Initial Jobless Claims,High,USD
"2025, November 20, 08:30",(United States) Jobless Claims 4-week Average,High,USD
"2025, November 20, 08:30",(United States) Continuing Jobless Claims,High,USD
"2025, November 20, 08:30",(United States) Initial Jobless Claims,High,USD
"2025, November 20, 08:30",(United States) Jobless Claims 4-week Average,High,USD
"2025, November 20, 10:00",(United States) Existing Home Sales MoM,High,USD
"2025, November 20, 10:00",(United States) Existing Home Sales,High,USD
"2025, November 20, 18:30",(Japan) Inflation Rate YoY,High,JPY
"2025, November 21, 02:00",(United Kingdom) Retail Sales ex Fuel MoM,High,GBP
"2025, November 21, 02:00",(United Kingdom) Retail Sales ex Fuel YoY,High,GBP
"2025, November 21, 02:00",(United Kingdom) Retail Sales MoM,High,GBP
"2025, November 21, 02:00",(United Kingdom) Retail Sales YoY,High,GBP
"2025, November 21, 03:00",(Euro Area) ECB Guindos Speech,High,EUR
"2025, November 21, 06:30",(Euro Area) ECB Guindos Speech,High,EUR
"2025, November 21, 08:30",(Canada) Retail Sales Ex Autos MoM,High,CAD
"2025, November 21, 08:30",(Canada) Retail Sales YoY,High,CAD
"2025, November 21, 08:30",(Canada) Retail Sales MoM,High,CAD
"2025, November 21, 08:30",(Canada) Retail Sales MoM,High,CAD
"2025, November 21, 10:00",(United States) Michigan Consumer Sentiment,High,USD
